{"cameraMode":{"drawMode":0,"name":"Shaded","section":"Shading Mode"},"sceneLighting":true,"audioPlay":false,"sceneViewState":{"showFog":true,"showMaterialUpdate":false,"showSkybox":true,"showFlares":true,"showImageEffects":true,"showParticleSystems":true},"in2DMode":false,"pivot":{"x":37.767154693603519,"y":5.654878616333008,"z":9.330499649047852},"rotation":{"x":0.2069331407546997,"y":0.2929167151451111,"z":0.06516129523515701,"w":-0.9311902523040772},"size":3.1017932891845705,"orthographic":false}