{"cameraMode":{"drawMode":0,"name":"Shaded","section":"Shading Mode"},"sceneLighting":false,"audioPlay":false,"sceneViewState":{"showFog":true,"showMaterialUpdate":false,"showSkybox":false,"showFlares":true,"showImageEffects":true,"showParticleSystems":true},"in2DMode":false,"pivot":{"x":-0.7499998807907105,"y":0.34999746084213259,"z":-1.7500001192092896},"rotation":{"x":0.21913260221481324,"y":0.30422407388687136,"z":-0.07219157367944718,"w":0.9242604970932007},"size":1.1056692600250245,"orthographic":false}