{"cameraMode":{"drawMode":0,"name":"Shaded","section":"Shading Mode"},"sceneLighting":false,"audioPlay":false,"sceneViewState":{"showFog":true,"showMaterialUpdate":false,"showSkybox":false,"showFlares":true,"showImageEffects":true,"showParticleSystems":true},"in2DMode":false,"pivot":{"x":0.07569117844104767,"y":0.20767569541931153,"z":0.3350677192211151},"rotation":{"x":-0.5223793387413025,"y":-0.14054419100284577,"z":0.08839718997478485,"w":-0.8365150690078735},"size":1.7320541143417359,"orthographic":false}