{"cameraMode":{"drawMode":0,"name":"Shaded","section":"Shading Mode"},"sceneLighting":true,"audioPlay":false,"sceneViewState":{"showFog":true,"showMaterialUpdate":false,"showSkybox":true,"showFlares":true,"showImageEffects":true,"showParticleSystems":true},"in2DMode":false,"pivot":{"x":61.02408218383789,"y":27.749845504760743,"z":-11.349922180175782},"rotation":{"x":-0.20736205577850343,"y":0.43772220611572268,"z":-0.10441762208938599,"w":-0.8686041831970215},"size":6.909073352813721,"orthographic":false}