{"cameraMode":{"drawMode":0,"name":"Shaded","section":"Shading Mode"},"sceneLighting":false,"audioPlay":false,"sceneViewState":{"showFog":true,"showMaterialUpdate":false,"showSkybox":false,"showFlares":true,"showImageEffects":true,"showParticleSystems":true},"in2DMode":false,"pivot":{"x":1.9404270648956299,"y":0.18394510447978974,"z":0.8813533782958984},"rotation":{"x":0.18667025864124299,"y":-0.6889798045158386,"z":0.19097089767456056,"w":0.6739034056663513},"size":10.0,"orthographic":false}