{"cameraMode":{"drawMode":0,"name":"Shaded","section":"Shading Mode"},"sceneLighting":false,"audioPlay":false,"sceneViewState":{"showFog":true,"showMaterialUpdate":false,"showSkybox":false,"showFlares":true,"showImageEffects":true,"showParticleSystems":true},"in2DMode":false,"pivot":{"x":-0.21052220463752747,"y":-0.14960919320583344,"z":0.45482316613197329},"rotation":{"x":-0.21700996160507203,"y":0.131900817155838,"z":-0.029607949778437616,"w":-0.9667680263519287},"size":1.384943962097168,"orthographic":false}