{"cameraMode":{"drawMode":0,"name":"Shaded","section":"Shading Mode"},"sceneLighting":true,"audioPlay":false,"sceneViewState":{"showFog":true,"showMaterialUpdate":false,"showSkybox":true,"showFlares":true,"showImageEffects":true,"showParticleSystems":true},"in2DMode":false,"pivot":{"x":28.100582122802736,"y":3.291006565093994,"z":-48.3181266784668},"rotation":{"x":0.05577254667878151,"y":-0.6508804559707642,"z":0.04825945571064949,"w":0.7557708621025086},"size":0.772288978099823,"orthographic":false}