{"cameraMode":{"drawMode":0,"name":"Shaded","section":"Shading Mode"},"sceneLighting":false,"audioPlay":false,"sceneViewState":{"showFog":true,"showMaterialUpdate":false,"showSkybox":false,"showFlares":true,"showImageEffects":true,"showParticleSystems":true},"in2DMode":false,"pivot":{"x":-46.15073013305664,"y":3.123699188232422,"z":-5.648082733154297},"rotation":{"x":0.007666795048862696,"y":0.9620983600616455,"z":-0.2712586522102356,"w":0.027427541092038156},"size":10.0,"orthographic":false}