{"cameraMode":{"drawMode":0,"name":"Shaded","section":"Shading Mode"},"sceneLighting":true,"audioPlay":false,"sceneViewState":{"showFog":true,"showMaterialUpdate":false,"showSkybox":true,"showFlares":true,"showImageEffects":true,"showParticleSystems":true},"in2DMode":false,"pivot":{"x":25.320039749145509,"y":4.943272590637207,"z":-41.704429626464847},"rotation":{"x":0.07823505252599716,"y":-0.012220707722008229,"z":0.0012201069621369243,"w":0.9970488548278809},"size":3.172288656234741,"orthographic":false}